{
  "scripts":{
      "DEX":{"Name":"White Dex",
          "FileName":"whitedex_v1.lua",
          "Desc":"this is Dex but white version.",
          "Picture":"https:\/\/imgur.com\/KpvYgd5.png",
          "Script":"loadstring(game:HttpGet('https://pastebin.com/raw/sUSn58Ya', true))()"},
      "RemoteSpy":{"Name":"Spero RemoteSpy",
          "FileName":"Remote2Script.lua",
          "Desc":"Captures all RemoteEvent\/RemoteFunction calls.",
          "Picture":"https:\/\/i.imgur.com\/TMuUSN0.png",
          "Script":"loadstring(game:HttpGet('https://athoi21.xyz/scripts/remotespy', true))()"},
      "RevizAdmin":{"Name":"RevizAdmin",
          "FileName":"RevizAdmin.lua",
          "Desc":"This is reviz admin, very fun to use this admin script",
          "Picture":"https:\/\/i.imgur.com/clobbyI.jpeg",     
          "Script":"loadstring(game:HttpGet('https://pastebin.com/raw/ibFPdiF7', true))()"},
      "InfinityYield":{"Name":"Infinity Yield",
          "FileName":"InfinityYield.lua",
          "Desc":"this is Infinity Yield! Best FE Admin script 2020",
          "Picture":"https:\/\/imgur.com\/AzQbpgQ.png",
          "Script":"loadstring(game:HttpGet('https://raw.githubusercontent.com/EdgeIY/infiniteyield/master/source'))()"}, 
      "UnnamedEsp":{"Name":"UnnamedEsp",
          "FileName":"UnnamedEsp.lua",
          "Desc":"UnnamedEsp, a really good universial esp that uses Drawing API !",
          "Picture":"https:\/\/i.imgur.com\/VmWG1Pk.jpeg",
          "Script":"loadstring(game:HttpGet('https://athoi21.xyz/unnamedesp', true))()"}
     }
}		